Date,Message,Link,Media
04/20/2026 10:00,"🪟 Πόσο πραγματικά μειώνει το κόστος θέρμανσης και ψύξης ένα ενεργειακό κούφωμα;

Η αλήθεια βρίσκεται στον συντελεστή U-value. Ένα σύγχρονο θερμοδιακοπτόμενο σύστημα αλουμινίου σε συνδυασμό με ενεργειακούς υαλοπίνακες 4ης εποχής μπορεί να μειώσει τις ενεργειακές απώλειες έως και 40%!

Στην Αλουμίνια Παπαδάκης μελετάμε τις ακριβείς ανάγκες του δικού σας χώρου. Επενδύστε στην ποιότητα και δείτε άμεση απόσβεση στον λογαριασμό του ρεύματος.

📞 Καλέστε μας για δωρεάν μελέτη στον χώρο σας.

#ΑλουμίνιαΠαπαδάκης #ΕνεργειακάΚουφώματα #Εξοικονόμηση #Ρέθυμνο",https://alouminia-papadakis.gr,https://alouminia-papadakis.gr/images/gmb/gmb_minimal_frames.webp
04/22/2026 10:00,"💡 Γιατί ""ιδρώνουν"" τα τζάμια τον χειμώνα και πώς θα απαλλαγείτε;

Το φαινόμενο της υγροποίησης συμβαίνει όταν ζεστός αέρας έρχεται σε επαφή με μια παγωμένη επιφάνεια. Με τα πιστοποιημένα θερμοδιακοπτόμενα αλουμίνια και τα διπλά ενεργειακά κρύσταλλα με αέριο Argon, η εσωτερική θερμοκρασία του τζαμιού παραμένει σταθερή.

Αποχαιρετήστε την υγρασία και τη μούχλα. Δημιουργήστε ένα απόλυτα υγιεινό περιβάλλον διαβίωσης.

👉 Ανακαλύψτε τις λύσεις μας στο website μας.",https://alouminia-papadakis.gr,https://alouminia-papadakis.gr/images/gmb/gmb_secure_door.webp
04/24/2026 10:00,"🌡️ Το μυστικό της Θερμοδιακοπής: Τι είναι και γιατί την χρειάζεστε;

Η θερμοδιακοπή είναι ένα ειδικό πολυαμίδιο που τοποθετείται στο εσωτερικό του προφίλ αλουμινίου, διαχωρίζοντας τον εσωτερικό από τον εξωτερικό χώρο. Λειτουργεί ως ""φράγμα"", αποτρέποντας τη μεταφορά θερμότητας ή ψύχους.

Αποτέλεσμα; Το χειμώνα το κρύο μένει έξω, και το καλοκαίρι η ζέστη δεν εισχωρεί! Το απόλυτο εργαλείο για ένα δροσερό καλοκαίρι στην Κρήτη.",https://alouminia-papadakis.gr,https://alouminia-papadakis.gr/images/gmb/gmb_thermal_profile.webp
04/26/2026 10:00,"☀️ Η σημασία των ενεργειακών τζαμιών: Solar Control.

Δεν είναι όλα τα τζάμια ίδια. Στο ενεργοβόρο κλίμα της Κρήτης, τα κρύσταλλα ελέγχου ηλιακής ακτινοβολίας (solar control) αντανακλούν τη ζέστη του ήλιου πριν καν μπει στο σπίτι σας, χωρίς να μειώνουν το φυσικό φως, προστατεύοντας παράλληλα τα έπιπλά σας από το ξεθώριασμα.

Μάθετε περισσότερα για την αναβάθμιση των τζαμιών σας σήμερα!",https://alouminia-papadakis.gr,https://alouminia-papadakis.gr/images/gmb/gmb_pergola_outdoor.webp
04/28/2026 10:00,"♻️ Αντικατάσταση Παλαιών Κουφωμάτων: Μια επένδυση ζωής.

Αλλάζοντας τα πεπαλαιωμένα ξύλινα ή συμβατικά αλουμίνια με νέα, προηγμένης τεχνολογίας συστήματα, δεν αναβαθμίζετε μόνο την αισθητική, αλλά διπλασιάζετε τη θερμική άνεση και αυξάνετε την αξία του ακινήτου σας. Η διαδικασία είναι πιο γρήγορη και καθαρή απ' όσο νομίζετε, ειδικά με τα εξειδικευμένα συνεργεία μας.

#Ανακαίνιση #Κουφώματα",https://alouminia-papadakis.gr,https://alouminia-papadakis.gr/images/gmb/gmb_premium_installation.webp
04/30/2026 10:00,"🚪 Πόρτες Ασφαλείας: Η πρώτη γραμμή άμυνας του σπιτιού σας.

Γνωρίζατε ότι πάνω από το 70% των διαρρήξεων λαμβάνουν χώρα από την κύρια είσοδο; Στην Αλουμίνια Παπαδάκης προσφέρουμε θωρακισμένες πόρτες με διπλή και τριπλή θωράκιση, κλειδαριές νέας τεχνολογίας με καταπέλτη και πιστοποίηση αντίστασης κλάσης 3 & 4.

Κοιμηθείτε ήσυχοι, επιλέγοντας απαράμιλλη ασφάλεια και κορυφαίο design.

🔒 Ελάτε στην έκθεσή μας να σχεδιάσουμε τη δική σας.",https://alouminia-papadakis.gr,https://alouminia-papadakis.gr/images/gmb/gmb_minimal_frames.webp
05/02/2026 10:00,"🔑 Κλειδαριά με ""Καταπέλτη"": Τι είναι;

Πρόκειται για το πιο εξελιγμένο σύστημα ασφαλείας για θωρακισμένες πόρτες. Αν ο διαρρήκτης προσπαθήσει να παραβιάσει ή να σπάσει τον κύλινδρο, ένας ειδικός μηχανισμός (καταπέλτης) μπλοκάρει άμεσα και μόνιμα την κλειδαριά. Είναι αδύνατον να ανοίξει η πόρτα, προσφέροντας απόλυτη προστασία.

Αναβαθμίστε την ασφάλειά σας με τεχνολογία αιχμής.",https://alouminia-papadakis.gr,https://alouminia-papadakis.gr/images/gmb/gmb_secure_door.webp
05/04/2026 10:00,"🛡️ Πώς να επιλέξετε τη σωστή πόρτα ασφαλείας; 3 Βασικά Κριτήρια:

1️⃣ Πιστοποίηση Κλάσης (Class 3 ή 4 για οικίες).
2️⃣ Θωράκιση (Ηχομονωτικά υλικά στο εσωτερικό μαζί με το ατσάλι).
3️⃣ Ομφαλός Ασφαλείας (Defender & μη αντιγράψιμα κλειδιά).

Μην αφήνετε τίποτα στην τύχη. Σας καθοδηγούμε με ειλικρίνεια και αυθεντία στο σωστό προϊόν για εσάς.",https://alouminia-papadakis.gr,https://alouminia-papadakis.gr/images/gmb/gmb_thermal_profile.webp
05/06/2026 10:00,"🎨 Ασφάλεια με υψηλή Αισθητική.

Ποιος είπε ότι μια θωρακισμένη πόρτα πρέπει να είναι άχαρη; Από minimal επενδύσεις αλουμινίου με κρυφούς μεντεσέδες μέχρι ξύλινες επιφάνειες με inox λεπτομέρειες, οι πόρτες μας σχεδιάζονται στα μέτρα του αρχιτεκτονικού σας οράματος.

Ποιότητα που βλέπετε, ασφάλεια που νιώθετε.

#ΠόρτεςΑσφαλείας #Design_Κρήτη",https://alouminia-papadakis.gr,https://alouminia-papadakis.gr/images/gmb/gmb_pergola_outdoor.webp
05/08/2026 10:00,"🚨 Κλείδωμα Πολλαπλών Σημείων: Γιατί να το αποκτήσετε στα παράθυρά σας;

Η ασφάλεια δεν αφορά μόνο την εξώπορτα. Τα σύγχρονα συρόμενα και ανοιγόμενα συστήματα αλουμινίου εξοπλίζονται με περιμετρικούς μηχανισμούς πολλαπλών κλειδωμάτων, παρέχοντας αντιδιαρρηκτική προστασία σε κάθε άνοιγμα του σπιτιού σας.

Θωρακίστε περιμετρικά το σπίτι σας με τεχνολογία που αποτρέπει την παραβίαση.",https://alouminia-papadakis.gr,https://alouminia-papadakis.gr/images/gmb/gmb_premium_installation.webp
05/10/2026 10:00,"🔇 Έντονος θόρυβος στο σπίτι ή στο γραφείο; Уπάρχει λύση.

Η χρόνια έκθεση σε αστικούς θορύβους προκαλεί στρες και διαταράσσει τον ύπνο. Η αντικατάσταση των κουφωμάτων με ηχομονωτικά συστήματα αλουμινίου και ασύμμετρους υαλοπίνακες μειώνει τον θόρυβο κατά 35-45 decibel!

Μετατρέψτε το σπίτι σας στο απόλυτο, ήσυχο καταφύγιο.

#Ηχομόνωση #ΨυχικήΗρεμία #Αλουμίνια",https://alouminia-papadakis.gr,https://alouminia-papadakis.gr/images/gmb/gmb_minimal_frames.webp
05/12/2026 10:00,"🔕 Τι είναι οι ασύμμετροι διπλοί υαλοπίνακες;

Είναι το μυστικό για τέλεια ηχομόνωση! Χρησιμοποιώντας δύο τζάμια διαφορετικού πάχους (π.χ. 6mm έξω, 4mm μέσα), εξουδετερώνουμε διαφορετικές συχνότητες θορύβου, αποφεύγοντας τον συντονισμό. Σε συνδυασμό με λάστιχα σφράγισης EPDM, ο θόρυβος του δρόμου... εξαφανίζεται!

Συμβουλευτείτε μας για ηχομονωτική μελέτη.",https://alouminia-papadakis.gr,https://alouminia-papadakis.gr/images/gmb/gmb_secure_door.webp
05/14/2026 10:00,"🎶 Ησυχία: Η υπέρτατη πολυτέλεια.

Δεν υπάρχει τίποτα καλύτερο από το να κλείνεις το παράθυρο και να αφήνεις πίσω σου όλη τη φασαρία της πόλης. Με την άψογη εγκατάσταση και τις άριστες μονώσεις των συστημάτων μας, η ησυχία δεν είναι πλέον πολυτέλεια, αλλά δεδομένο.

Δοκιμάστε τη διαφορά. Μόνο με την υπογραφή Παπαδάκης.",https://alouminia-papadakis.gr,https://alouminia-papadakis.gr/images/gmb/gmb_thermal_profile.webp
05/16/2026 10:00,"📐 Minimal Αρχιτεκτονική: Το μέλλον του αλουμινίου.

Ζητάτε περισσότερο φως, απρόσκοπτη θέα και καθαρές γραμμές; Τα minimal συρόμενα συστήματα με κρυφό προφίλ, όπου το αλουμίνιο ενσωματώνεται πλήρως στους τοίχους και το δάπεδο, αποτελούν την απόλυτη τάση στις σύγχρονες κατασκευές και βίλες.

Αφήστε το τοπίο να μπει μέσα στο σπίτι σας, καταργώντας τα όρια μεταξύ εσωτερικού και εξωτερικού χώρου!

#MinimalDesign #ContemporaryArchitecture #Κρήτη",https://alouminia-papadakis.gr,https://alouminia-papadakis.gr/images/gmb/gmb_pergola_outdoor.webp
05/18/2026 10:00,"✨ Τεράστια υαλοστάσια, μηδενική προσπάθεια.

Πολλοί πιστεύουν ότι μια μεγάλη τζαμαρία είναι βαριά και δύσχρηστη. Τα προηγμένα ανασυρόμενα συστήματα (Lift & Slide) που διαθέτουμε, επιτρέπουν την ομαλή και αθόρυβη κύλιση φύλλων που ζυγίζουν εκατοντάδες κιλά... με ένα μόνο δάχτυλο!

Απόλυτη πρακτικότητα, κορυφαία αισθητική και απαράμιλλη αντοχή.",https://alouminia-papadakis.gr,https://alouminia-papadakis.gr/images/gmb/gmb_premium_installation.webp
05/20/2026 10:00,"🎨 Επιλογή Χρώματος: Η εποχή των υφών.

Ξεχάστε το απλό λευκό ή αλουμινί. Σήμερα οι αρχιτέκτονες λατρεύουν τις αδρές, σαγρέ (sable) υφές σε αποχρώσεις Anodic, Gris και ανθρακί. Όχι μόνο δείχνουν απίστευτα premium, αλλά προστατεύουν και από τις γρατζουνιές.

Ανακαλύψτε τα πιο σύγχρονα χρωματολόγια αρχιτεκτονικού σχεδιασμού στις εγκαταστάσεις μας.",https://alouminia-papadakis.gr,https://alouminia-papadakis.gr/images/gmb/gmb_minimal_frames.webp
05/22/2026 10:00,"🌊 Αντοχή δίπλα στη θάλασσα.

Στο Ρέθυμνο και την Κρήτη, η αρμύρα της θάλασσας μπορεί να καταστρέψει τα κουφώματα. Εμείς χρησιμοποιούμε διαδικασία προανοδίωσης πριν τη βαφή (SeaSide Class) εξασφαλίζοντας μέγιστη αντοχή στη διάβρωση. Τα συστήματά μας παραμένουν σαν καινούργια, δεκαετίες μετά.

#ΠοιότηταΚατασκευής #Rethymno #Παπαδάκης",https://alouminia-papadakis.gr,https://alouminia-papadakis.gr/images/gmb/gmb_secure_door.webp
05/24/2026 10:00,"🏗️ Γιατί να επιλέξω ""Κρυφό Φύλλο"";

Τα ανοιγόμενα συστήματα με κρυφό φύλλο έχουν σχεδιαστεί έτσι ώστε το αλουμίνιο που περιβάλλει το τζάμι να καλύπτεται πλήρως από την εξωτερική κάσα. Το αποτέλεσμα; Μεγαλύτερη επιφάνεια γυαλιού, περισσότερο φως, και μια απόλυτα επίπεδη, μινιμαλιστική πρόσοψη.

Η αρχιτεκτονική κομψότητα στα καλύτερά της.",https://alouminia-papadakis.gr,https://alouminia-papadakis.gr/images/gmb/gmb_thermal_profile.webp
05/26/2026 10:00,"🌿 Βιοκλιματικές Πέργκολες: Το σαλόνι σας, σε εξωτερικό χώρο!

Απολαύστε τον κήπο ή τη βεράντα σας 365 μέρες το χρόνο. Οι βιοκλιματικές πέργκολες αλουμινίου με περιστρεφόμενες περσίδες σας δίνουν τον πλήρη έλεγχο της σκίασης και αερισμού, ενώ σε περίπτωση βροχής, κλείνουν στεγανά!

Αναβαθμίστε την εμπειρία φιλοξενίας στο ξενοδοχείο ή το σπίτι σας.",https://alouminia-papadakis.gr,https://alouminia-papadakis.gr/images/gmb/gmb_pergola_outdoor.webp
05/28/2026 10:00,"🦟 Σίτες Νέας Γενιάς: Αόρατη προστασία.

Η άνοιξη φέρνει και τα ενοχλητικά έντομα. Μην κλείνετε τα παράθυρά σας! Προτιμήστε σίτες Plisse ή κάθετης κίνησης με επαναστατικά πανιά φτιαγμένα από fiberglass που δεν σκίζονται και προσφέρουν τέλεια ορατότητα.

Εταιρία Παπαδάκης: Λύσεις κομψές, διακριτικές και ανθεκτικές.",https://alouminia-papadakis.gr,https://alouminia-papadakis.gr/images/gmb/gmb_premium_installation.webp
05/30/2026 10:00,"💧 Γυάλινα Στέγαστρα και Κάγκελα.

Για ανεμπόδιστη θέα στο μπαλκόνι σας, τα γυάλινα κάγκελα χωρίς κάθετα προφίλ είναι η ενδεδειγμένη επιλογή. Με κρύσταλλα ασφαλείας triplex και βάσεις βαρέως τύπου υπερκαλύπτουν τις αυστηρότερες προδιαγραφές ασφαλείας.

#ΑρχιτεκτονικόΓυαλί #GlassBalustrade",https://alouminia-papadakis.gr,https://alouminia-papadakis.gr/images/gmb/gmb_minimal_frames.webp
06/01/2026 10:00,"☀️ Συστήματα Σκίασης αλουμινίου (Brise Soleil).

Τα εξωτερικά σκιάδια είναι ο απόλυτος φυσικός τρόπος για να κρατήσετε τον καυτό ήλιο εκτός του κτιρίου σας, προσφέροντας παράλληλα μια άκρως εντυπωσιακή και σύγχρονη όψη.

Ιδανικό για σύγχρονες οικίες και επαγγελματικούς χώρους.",https://alouminia-papadakis.gr,https://alouminia-papadakis.gr/images/gmb/gmb_secure_door.webp
06/03/2026 10:00,"🛠️ Πώς να καθαρίζετε και να συντηρείτε σωστά τα αλουμίνια σας;

Το μυστικό είναι ο ήπιος καθαρισμός. Μην χρησιμοποιείτε σκληρά χημικά και διαλυτικά. Λίγο χλιαρό νερό, ένα μαλακό πανί και φυσικό σαπούνι είναι υπεραρκετά για να κρατήσετε τη βαφή λαμπερή.

Μην ξεχνάτε μία φορά τον χρόνο να λιπαίνετε τους μηχανισμούς (μεντεσέδες, ράουλα) με σπρέι σιλικόνης!",https://alouminia-papadakis.gr,https://alouminia-papadakis.gr/images/gmb/gmb_thermal_profile.webp
06/05/2026 10:00,"✔️ Πιστοποίηση CE: Τι σημαίνει για εσάς;

Δεν κατασκευάζουμε απλώς κουφώματα. Όλα μας τα συστήματα φέρουν σήμανση CE που αποδεικνύει την απόλυτη συμμόρφωσή τους με τα αυστηρότερα Ευρωπαϊκά Πρότυπα ασφάλειας, υδατοστεγανότητας και αντοχής στην ανεμοπίεση.

Εκεί που η τέχνη συναντά την πιστοποιημένη μηχανική.",https://alouminia-papadakis.gr,https://alouminia-papadakis.gr/images/gmb/gmb_pergola_outdoor.webp
06/07/2026 10:00,"📏 Μέτρηση με Laser: Η σημασία της ακρίβειας.

Ένα εξαιρετικό κούφωμα με κακή εγκατάσταση ακυρώνεται! Στην εταιρία μας, η επιμέτρηση γίνεται με συστήματα laser χιλιοστού, και η τοποθέτηση από άρτια εκπαιδευμένο ιδιωτικό συνεργείο. Σφραγίζουμε περιμετρικά με κορυφαία μονωτικά υλικά (αφρούς πολυουρεθάνης και ελαστικές μαστίχες).

Διασφαλίζουμε κορυφαία μόνωση στην πράξη, όχι μόνο στη θεωρία.",https://alouminia-papadakis.gr,https://alouminia-papadakis.gr/images/gmb/gmb_premium_installation.webp
06/09/2026 10:00,"🤝 Το After-Sales Service που σας αξίζει.

Η σχέση μας δεν τελειώνει μετά την τοποθέτηση. Είμαστε δίπλα σας για οποιαδήποτε ρύθμιση, συντήρηση ή αλλαγή χρειαστείτε στα συστήματά σας, άμεσα και υπεύθυνα.

Γιατί η αξιοπιστία αποδεικνύεται στην πάροδο του χρόνου.

#ΕξυπηρέτησηΠελατών #ΠαπαδάκηςΕγγύηση",https://alouminia-papadakis.gr,https://alouminia-papadakis.gr/images/gmb/gmb_minimal_frames.webp
06/11/2026 10:00,"🏗️ Ανακαίνιση Ξενοδοχείου; Έχουμε το Know-How.

Με ένα πλούσιο portfolio έργων σε πολυτελείς βίλες και ξενοδοχεία σε όλη την Κρήτη, γνωρίζουμε ακριβώς τις απαιτήσεις των επαγγελματιών. Παραδόσεις εντός στενών χρονοδιαγραμμάτων, αξεπέραστη αντοχή στη βαριά χρήση, και σχέδια που εντυπωσιάζουν τους επισκέπτες.

Επικοινωνήστε για τον εξοπλισμό του καταλύματός σας.",https://alouminia-papadakis.gr,https://alouminia-papadakis.gr/images/gmb/gmb_secure_door.webp
06/13/2026 10:00,"🤨 ""Είναι ακριβά τα ενεργειακά κουφώματα;""

Αντιστρέψτε την ερώτηση: Πόσο σας κοστίζει η ενέργεια που χάνετε ΚΑΘΕ μήνα από παλιά παράθυρα; Τα νέα κουφώματα δεν είναι έξοδο, αλλά επένδυση με εγγυημένη, μετρήσιμη απόσβεση σε λίγα μόλις χρόνια. Αφήστε που ανεβάζουν κατευθείαν την εμπορική αξία του ακινήτου!

Μιλήστε μαζί μας για να υπολογίσουμε το όφελος σας.",https://alouminia-papadakis.gr,https://alouminia-papadakis.gr/images/gmb/gmb_thermal_profile.webp
06/15/2026 10:00,"🌬️ Τι είναι το ""Τεστ Ανεμοπίεσης"" και γιατί παραμένουμε στεγανοί.

Στους ισχυρούς βοριάδες, πολλά κουφώματα ""σφυρίζουν"". Αντιθέτως, τα συστήματά μας υποβάλλονται σε δοκιμές εξαιρετικής ανεμοπίεσης στα εργαστήρια, εξασφαλίζοντας απόλυτη ερμητικότητα. Το σπίτι παραμένει ήσυχο και ζεστό, όσο κι αν φυσάει έξω.",https://alouminia-papadakis.gr,https://alouminia-papadakis.gr/images/gmb/gmb_pergola_outdoor.webp
06/17/2026 10:00,"🤔 Αλουμίνιο ή PVC; Η απάντηση ενός ειδικού.

Επιλέγουμε το αλουμίνιο γιατί δεν παραμορφώνεται από τη σκληρή ηλιοφάνεια της Κρήτης, δεν κιτρινίζει στο πέρασμα του χρόνου, είναι φιλικό προς το περιβάλλον (100% ανακυκλώσιμο) και επιτρέπει ανθεκτικές, τεράστιες αρχιτεκτονικές κατασκευές.

Το αλουμίνιο προσφέρει απεριόριστη διάρκεια ζωής και Premium αίσθηση.",https://alouminia-papadakis.gr,https://alouminia-papadakis.gr/images/gmb/gmb_premium_installation.webp
06/19/2026 10:00,"🚪 Η εξώπορτα είναι η χειραψία του σπιτιού σας!

Κάντε μια εκπληκτική πρώτη εντύπωση. Επιλέξτε πόρτες εισόδου pivot που ανοίγουν σε άξονα δημιουργώντας εντυπωσιακά, τεράστια ανοίγματα. Design, τεχνολογία, και ασφάλεια σε ένα υπερσύγχρονο πακέτο.

Ελάτε να ανακαλύψουμε μαζί την πόρτα των ονείρων σας.",https://alouminia-papadakis.gr,https://alouminia-papadakis.gr/images/gmb/gmb_minimal_frames.webp
06/21/2026 10:00,"🛠️ ""Θα μου γκρεμίσετε το σπίτι για να αλλάξετε τα παλιά παράθυρα;""

Κατηγορηματικά όχι! Η διαδικασία αντικατάστασης είναι γρήγορη, οργανωμένη και καθαρή. Αποξηλώνουμε με προσοχή τα παλιά κουφώματα, διασφαλίζοντας ότι ο χώρος σας θα παραμείνει καθαρός, και παραδίδουμε την εγκατάσταση συνήθως εντός μικρού χρονικού πλαισίου.",https://alouminia-papadakis.gr,https://alouminia-papadakis.gr/images/gmb/gmb_secure_door.webp
06/23/2026 10:00,"🏠 Smart Home: Παράθυρα και παντζούρια που υπακούν στις εντολές σας.

Η τεχνολογία έχει μπει και στα κουφώματα. Προσφέρουμε μοτέρ και αυτοματισμούς που σας επιτρέπουν να ανεβοκατεβάζετε τα ρολά, να κλειδώνετε τις πόρτες ή να κλείνετε τις πέργκολες μέσω του κινητού σας, από όπου κι αν βρίσκεστε!

Ζήστε την εμπειρία του έξυπνου σπιτιού.",https://alouminia-papadakis.gr,https://alouminia-papadakis.gr/images/gmb/gmb_thermal_profile.webp
06/25/2026 10:00,"☀️ Η σημασία των Ρολών και των Παντζουριών.

Πολλοί τα παραβλέπουν, αλλά τα εξωτερικά ρολά φυλλαρίου αλουμινίου πολυουρεθάνης συμβάλλουν τα μέγιστα στη θερμομόνωση και την ασφάλεια (ειδικά αν χρησιμοποιούν μηχανισμούς antiblock). Επιπλέον, προσφέρουν το απόλυτο σκοτάδι (blackout) για ποιοτικό ύπνο.",https://alouminia-papadakis.gr,https://alouminia-papadakis.gr/images/gmb/gmb_pergola_outdoor.webp
06/27/2026 10:00,"🏗️ Εξειδίκευση σε ""Τυφλά"" και Ασύμμετρα συστήματα.

Έχετε έναν περίεργο, τριγωνικό, καμπυλωτό ή ""τυφλό"" τοίχο που χρειάζεται γυαλί; Η τεχνογνωσία μας μας επιτρέπει να κατασκευάζουμε frames αλουμινίου που προσαρμόζονται ακριβώς στην γεωμετρία του κτιρίου, διατηρώντας τα standards θερμομόνωσης και στεγάνωσης σε κορυφαία επίπεδα.",https://alouminia-papadakis.gr,https://alouminia-papadakis.gr/images/gmb/gmb_premium_installation.webp
06/29/2026 10:00,"🌟 Επαγγελματικότητα που ξεχωρίζει: Η ομάδα μας.

Πίσω από κάθε τέλειο κούφωμα βρίσκεται ένας τεχνικός που αγαπά τη δουλειά του. Είμαστε περήφανοι για την ομάδα μας που συνεχώς εκπαιδεύεται σε νέα προϊόντα και μεθόδους της αγοράς. Δεν τοποθετούμε απλώς παράθυρα - προσφέρουμε λύσεις και τεχνογνωσία.",https://alouminia-papadakis.gr,https://alouminia-papadakis.gr/images/gmb/gmb_minimal_frames.webp
07/01/2026 10:00,"💸 Πρόγραμμα Εξοικονομώ: Ο ιδανικός σας συνεργάτης.

Σκέφτεστε να ενταχθείτε σε πρόγραμμα ενεργειακής αναβάθμισης; Τα πιστοποιημένα ενεργειακά μας συστήματα αλουμινίου υπερκαλύπτουν τις απαιτήσεις του προγράμματος. Σας ετοιμάζουμε άμεσα τον απαραίτητο φάκελο, τα CE και τις εγγυήσεις ώστε να εγκριθείτε χωρίς άγχος.

Μιλήστε μαζί μας σήμερα.",https://alouminia-papadakis.gr,https://alouminia-papadakis.gr/images/gmb/gmb_secure_door.webp
07/03/2026 10:00,"🏢 Ανακαίνιση καταστήματος; Εντυπωσιάστε τους πελάτες.

Οι επαγγελματικές τζαμαρίες αλουμινίου που κατασκευάζουμε, συνδυάζουν μηχανισμούς βαρέως τύπου για συνεχόμενα ανοίγματα-κλεισίματα κάθε μέρα, και minimal frames που αφήνουν τις βιτρίνες σας να φαίνονται αναλλοίωτες. Άριστη λειτουργικότητα με κορυφαίο design.",https://alouminia-papadakis.gr,https://alouminia-papadakis.gr/images/gmb/gmb_thermal_profile.webp
07/05/2026 10:00,"💡 Μήπως νοιώθετε ""ρεύματα"" κρύου αέρα γύρω από τα παράθυρα;

Αυτό συνήθως οφείλεται σε φθαρμένα EPDM λάστιχα στεγάνωσης στα παλιά παράθυρα, ή κακή εφαρμογή περιέλιξης στην εγκατάσταση. Τα νέα μας συστήματα διαθέτουν ελαστικά EPDM πολλαπλών θαλάμων και κεντρικά λάστιχα σφράγισης που εκμηδενίζουν τα ρεύματα.

Απολαύστε τη θαλπωρή του σπιτιού σας.",https://alouminia-papadakis.gr,https://alouminia-papadakis.gr/images/gmb/gmb_pergola_outdoor.webp
07/07/2026 10:00,"🎨 Συνδυάστε το μέσα με το έξω (Bicolor frames).

Θέλετε στο εσωτερικό του σαλονιού σας η υφή του κουφώματος να μοιάζει με φυσικό ξύλο, αλλά εξωτερικά να είναι μοντέρνο γκρι για να ταιριάζει με την πρόσοψη; Τα συστήματά μας υποστηρίζουν ""δίχρωμα"" προφίλ, προκειμένου η διακόσμηση σας να μην έχει φραγμούς!",https://alouminia-papadakis.gr,https://alouminia-papadakis.gr/images/gmb/gmb_premium_installation.webp
07/09/2026 10:00,"🥇 3 Λόγοι για να επιλέξετε Αλουμίνια Παπαδάκης:

1️⃣ Άριστη και πιστοποιημένη πρώτη ύλη κορυφαίων εταιρειών.
2️⃣ Μηχανολογική ικανότητα κατασκευής ακριβείας στο εργοστάσιο μας.
3️⃣ Έμπειρο, ιδιωτικό συνεργείο τοποθέτησης που σέβεται τον χώρο σας.

Γιατί όταν μιλάμε για την προστασία του σπιτιού σας, δεν υπάρχουν εκπτώσεις.",https://alouminia-papadakis.gr,https://alouminia-papadakis.gr/images/gmb/gmb_minimal_frames.webp
07/11/2026 10:00,"🌅 Ολοκληρωμένες λύσεις αίθριων (Atriums).

Δημιουργήστε έναν μοναδικό φωτεινό χώρο χρησιμοποιώντας υαλωτά στέγαστρα και κατακόρυφα συστήματα αλουμινίου. Ιδανικά για πολυτελείς χώρους, εστιατόρια και χειμερινά σαλόνια. Ολοκληρωτική προστασία από τη βροχή και τον αέρα, προσφέροντας 100% φωτεινότητα!",https://alouminia-papadakis.gr,https://alouminia-papadakis.gr/images/gmb/gmb_secure_door.webp
